<?xml version="1.0" encoding="GBK"?>
<deam version="1.0" xmlns="http://www.motorola.com/bug2go">
    <tag type="dropbox" name="BT_DISCHARGE_SUMMARY" >
        <scenario name="Battery Discharge Summary" show_notification="0">
            <actions>
                <attach>
                    <entry/>
		    <file>
		  	<name>/data/power_supply_logger/power_supply_info.csv</name>
		    </file>

                    <!-- Get batterytracer logs if available. -->
                    <exec program="/system/bin/sh">
                        <args>
                            <arg>-c</arg>
                            <arg>
                                cd /sdcard/batterytracer/databases/backup0
                                if [ $? != 0 ]; then
                                    exit 1
                                fi 
                                for file in $(/system/bin/ls); do
                                    if [ -d "$file" ]; then
                                        lastFile=$file
                                    fi
                                done
                                cd $lastFile
                                for file in $(/system/bin/ls); do
                                    cat $file >> $B2G_REPORT_DIR/$file
                                done
                            </arg>
                        </args>     
                    </exec>     

                    <!-- Get batterytracer logs if available from old location. -->
                    <exec program="/system/bin/sh">
                        <args>
                            <arg>-c</arg>
                            <arg>
                                cd /data/data/com.motorola.tools.batterytracersdcard/databases/backup0
                                if [ $? != 0 ]; then
                                    exit 1
                                fi
                                for file in $(/system/bin/ls); do
                                    if [ -d "$file" ]; then
                                        lastFile=$file
                                    fi
                                done
                                cd $lastFile
                                for file in $(/system/bin/ls); do
                                    cat $file >> $B2G_REPORT_DIR/$file
                                done
                            </arg>
                        </args>
                    </exec>

                    <!-- Get energymonitor logs if available. -->
                    <file>
                        <name>/sdcard/energy_monitor/enmon_report.zip</name>
                    </file>

                    <!-- Get system logs from aplogd if available. -->
                    <exec program="/system/bin/aplogcat">
                        <output>aplogcat.txt</output>
                        <args>
                            <arg>--dump</arg>
                            <arg>--output</arg>
                            <arg>./aplogcat-</arg>
                            <arg>--temp</arg>
                            <arg>./</arg>
                            <arg>--bytes</arg>
                            <arg>200M</arg>
                        </args>
                    </exec>
                    <!-- Grab logs that help debug aplogd itself. -->
                    <exec program="/system/bin/sh">
                        <args>
                            <arg>-c</arg>
                            <arg>
                                cat /data/aplogd/aplogd-log.bak.txt > aplogd-log.txt
                                cat /data/aplogd/aplogd-log.txt >> aplogd-log.txt
                            </arg>
                        </args>
                    </exec>
                    <!-- Grab logs for kernel charging -->
                    <exec program="/system/bin/sh">
                        <args>
                            <arg>-c</arg>
                            <arg>
                                case "$(getprop ro.board.platform)" in "msm8996" | "msm8953")
                                    if [ -e /sys/kernel/debug/ipc_logging/charger/log ]; then
                                        cat /sys/kernel/debug/ipc_logging/charger/log > $B2G_REPORT_DIR/charger_log.txt
                                        chmod 640 $B2G_REPORT_DIR/charger_log.txt
                                    fi
                                    if [ -e /sys/kernel/debug/ipc_logging/charger_reg/log ]; then
                                        cat /sys/kernel/debug/ipc_logging/charger_reg/log > $B2G_REPORT_DIR/charger_reg_log.txt
                                        chmod 640 $B2G_REPORT_DIR/charger_reg_log.txt
                                    fi
                                    if [ -e /sys/kernel/debug/ipc_logging/fusb302/log ]; then
                                        cat /sys/kernel/debug/ipc_logging/fusb302/log > $B2G_REPORT_DIR/typeC.txt
                                        cat /sys/kernel/debug/fusb302/register_dump >> $B2G_REPORT_DIR/typeC.txt
                                        chmod 640 $B2G_REPORT_DIR/typeC.txt
                                    fi
                                    ;;
                                esac
                                case "$(getprop ro.board.platform)" in "msm8996")
                                    if [ -e /sys/kernel/debug/6a00000.dwc3/events ]; then
                                        cat /sys/kernel/debug/6a00000.dwc3/events > $B2G_REPORT_DIR/dwc3_usb.txt
                                        cat /sys/kernel/debug/6a00000.dwc3/int_events >> $B2G_REPORT_DIR/dwc3_usb.txt
                                        chmod 640 $B2G_REPORT_DIR/dwc3_usb.txt
                                    fi
                                    ;;
                                "msm8953")
                                    if [ -e /sys/kernel/debug/7000000.dwc3/events ]; then
                                        cat /sys/kernel/debug/7000000.dwc3/events > $B2G_REPORT_DIR/dwc3_usb.txt
                                        cat /sys/kernel/debug/7000000.dwc3/int_events >> $B2G_REPORT_DIR/dwc3_usb.txt
                                        chmod 640 $B2G_REPORT_DIR/dwc3_usb.txt
                                    fi
                                    ;;
                                esac
                            </arg>
                        </args>
                    </exec>

                    <!-- Get bugreport -->
		    <exec program="/system/bin/sh">
                        <args>
                            <arg>-c</arg>
                            <arg>bugreport -q > $B2G_REPORT_DIR/bugreportq_$(date "+%Y-%m-%d_%H-%M-%S").txt</arg>
                        </args>
                    </exec>

                    <!-- Get modem logs.  In case of failure, get other logs at least. -->
                    <exec program="/system/bin/sh">
                        <args>
                            <arg>-c</arg>
                            <arg>diag_mdlog-getlogs -o $B2G_REPORT_DIR -b 52428800</arg>
                        </args>
                    </exec>
                </attach>
            </actions>
        </scenario>
    </tag>
</deam>
